<?xml version="1.0" encoding="UTF-8" ?>
<!DOCTYPE mapper
  PUBLIC "-//mybatis.org//DTD Mapper 3.0//EN"
  "http://mybatis.org/dtd/mybatis-3-mapper.dtd">
<mapper namespace="com.businessman.mapper.BoardMapper">
	<sql id="criteria">
		<trim prefix="(" suffix=") AND " prefixOverrides="OR">
			<foreach item='type' collection="typeArr">
				<trim prefix="OR">
					<choose>
						<when test="type == 'T'.toString()">
							title like '%'||#{keyword}||'%'
						</when>
						<when test="type == 'C'.toString()">
							content like '%'||#{keyword}||'%'
						</when>
						<when test="type == 'N'.toString()">
							nick like '%'||#{keyword}||'%'
						</when>
						<when test="type == 'H'.toString()">
							headers like '%'||#{keyword}||'%'
						</when>
					</choose>
				</trim>
			</foreach>
		</trim>
	</sql>
	<select id="getList" resultType="com.businessman.domain.BoardVO">
	<![CDATA[
		select * from board where
		bno > 0 
		]]>
	</select>

	<insert id="insert">
		insert into board (bno,headers,title,content,nick)
		values (seq_board.nextval,#{headers}, #{title}, #{content}, #{nick})
	</insert>

	<insert id="insertSelectKey">

      <selectKey keyProperty="bno" order="BEFORE"
         resultType="long">
         select seq_board.nextval from dual
      </selectKey>

      insert into board (bno,headers,title,content,nick)
      values (#{bno},#{headers}, #{title}, #{content}, #{nick})
   </insert>

	<select id="read" resultType="com.businessman.domain.BoardVO">
		select * from board where bno = #{bno}
	</select>


	<delete id="delete">
		delete board where bno = #{bno}
	</delete>
	
	<update id="update">
		update board
		set title= #{title},
		headers = #{headers},
		content=#{content},
		nick = #{nick},
		regdate = sysdate
		where bno = #{bno}
	</update>

<select id="getListWithPaging"
		resultType="com.businessman.domain.BoardVO">
  <![CDATA[
  select 
    bno, headers, title, content, regdate, nick, replyCnt 
  from 
      (
      select /*+ index_desc(board sys_c007043)*/
        rownum rn, bno, headers, title, content, regdate, nick, replyCnt 
      from 
        board
       where
       ]]>
		<trim prefix="(" suffix=") AND " prefixOverrides="OR">
			<foreach item='type' collection="typeArr">
				<trim prefix="OR">
					<choose>
						<when test="type == 'T'.toString()">
							title like '%'||#{keyword}||'%'
						</when>
						<when test="type == 'C'.toString()">
							content like '%'||#{keyword}||'%'
						</when>
						<when test="type == 'N'.toString()">
							nick like '%'||#{keyword}||'%'
						</when>
						<when test="type == 'H'.toString()">
							headers like '%'||#{keyword}||'%'
						</when>
					</choose>
				</trim>
			</foreach>
		</trim>
   
  <![CDATA[    
      rownum <= #{pageNum} * #{amount}
      )
  where rn > (#{pageNum} -1) * #{amount}   
  ]]>
	</select>

  
  

  <select id="getTotalCount" resultType="int">
  select count(*) from board where
  
    <include refid="criteria"></include> 
    
  bno > 0 
  
  </select>
  
  <update id="updateReplyCnt">
    update board set replycnt = replycnt + #{amount} where bno = #{bno}
  </update>  

</mapper>
