<?xml version="1.0" encoding="UTF-8" ?>
<!DOCTYPE mapper
  PUBLIC "-//mybatis.org//DTD Mapper 3.0//EN"
  "http://mybatis.org/dtd/mybatis-3-mapper.dtd">
<mapper namespace="com.businessman.mapper.MemberMapper">

  <resultMap type="com.businessman.domain.MemberVO" id="memberMap">
    <id property="nick" column="nick"/>
    <result property="nick" column="nick"/>
    <result property="name" column="name"/>
    <result property="email" column="email"/>
    <result property="password" column="password"/>
    <result property="groups" column="groups"/>
    <result property="enabled" column="enabled"/>
    <collection property="authList" resultMap="authMap" />
  </resultMap>
  
  <resultMap type="com.businessman.domain.AuthVO" id="authMap">
    <result property="nick" column="nick"/>
    <result property="auth" column="auth"/>
  </resultMap>
  
  <select id="read" resultMap="memberMap">
	SELECT mem.nick, name, email, password, groups, enabled, auth, auth.nick
		FROM member mem 
		LEFT OUTER JOIN auth
		on mem.nick = auth.nick
		WHERE mem.nick = #{nick}
  </select>
  
  <insert id="joinmember">
 	insert into member(nick, name, email, password, groups) 
 	values(#{nick}, #{name},#{email},#{password}, #{groups})
 </insert>
 
   <insert id="insertauth">
 	insert into auth values(#{nick}, 'ROLE_MEMBER')
 </insert>
 
 <select id="nickCheck" parameterType="String" resultType="int">
        select count(*) from member where nick= #{nick}
  </select>
  
  <select id="emailCheck" parameterType="String" resultType="int">
        select count(*) from member where email= #{email}
  </select>
  
  <select id="getMemInfo" resultType="com.businessman.domain.MemberVO">
  	select * from member where nick=#{nick}
  </select>
  
  <select id="getMemBoard" resultType="com.businessman.domain.BoardVO">
  	select bno, title, regdate 
  	from board 
  	where nick=#{nick} 
  	order by bno desc
  </select>
  
  <update id="updateMem">
 		update member set password=#{password}
 		where nick=#{nick}
 </update>
  
</mapper>