<?xml version="1.0" encoding="UTF-8" ?>
<!DOCTYPE mapper
  PUBLIC "-//mybatis.org//DTD Mapper 3.0//EN"
  "http://mybatis.org/dtd/mybatis-3-mapper.dtd">
<mapper namespace="com.businessman.mapper.ReplyMapper">

	<insert id="insert">

		insert into reply (rno, bno, reply, nick)
		values (seq_reply.nextval, #{bno}, #{reply}, #{nick})

	</insert>

	<select id="read" resultType="com.businessman.domain.ReplyVO">

		select * from reply where rno =
		#{rno}

	</select>


	<delete id="delete">

		delete from reply where rno = #{rno}

	</delete>

	<update id="update">

		update reply set reply = #{reply}, repdate =
		sysdate where rno =
		#{rno}

	</update>


	<!-- <select id="getListWithPaging" resultType="org.zerock.domain.ReplyVO"> 
		select rno, bno, reply, replyer, replyDate, updatedate from tbl_reply where 
		bno = #{bno} order by rno asc </select -->

<select id="getListWithPaging"
		resultType="com.businessman.domain.ReplyVO">

  <![CDATA[
 select  rno, bno, reply, nick, repdate
 from 
   (
    select /*+INDEX(reply idx_reply) */ 
      rownum rn,  rno, bno, reply,nick, repdate 
    from reply
    where bno =  #{bno}
    and rno > 0
    and rownum <= #{cri.pageNum} * #{cri.amount}
   ) where rn > (#{cri.pageNum} -1) * #{cri.amount}
]]>

	</select>


	<select id="getCountByBno" resultType="int">
<![CDATA[
select count(rno) from reply where bno = #{bno}
]]>
	</select>

	<update id="updateReplyCnt">
		update board set replycnt = replycnt + #{amount} where bno = #{bno}
	</update>


</mapper>
